상품명,가격,rating,rating_num
"탐사수, 2L, 12개",6300,4.5,10166
"베베앙 아기물티슈 캡형, 100매, 10팩",9900,4.5,23214
"동원샘물, 2L, 12개",6380,4.5,173447
"센스 물티슈 캡형, 100매입, 10팩",7340,4.0,1298
"삼양 까르보 불닭볶음면 130g, 10개입",8810,4.5,590
"닥터유 한 입에 쏙 미니 다이제 초코맛, 390g",4310,4.5,165
"투쿨포스쿨 아트 클래스 바이 로댕 팩트 쉐딩 9.5g, 혼합색상",10020,4.5,4341
"농심 봉지라면 4종 기획 세트, 20개입",14900,4.5,8520
"매일유업 오리지널 멸균우유, 190ml, 24개입",10600,4.5,7787
"해태제과 고향만두 불낙교자, 315g, 4개입",14250,4.5,127
"다우니 초고농축 섬유유연제 퍼플 화이트와 릴리 향 본품, 1L, 3개입",9930,4.5,14741
"더자카 곰돌이 양치컵 칫솔걸이 세트, Y220LBBT001, 1세트",8220,4.0,190
"종이나라 핑크퐁 나라색연필, 16색",3220,4.0,268
"프릴 시크릿 오브 베이킹소다 퓨어레몬, 750ml",3900,4.5,1070
"삐아 라스트 벨벳 립 틴트 5g, 01 여리갑",5700,4.5,1364
"쿤달 허니 앤 마카다미아 네이처 샴푸 베이비파우더향, 500ml",7490,4.5,13897
"오리온 고래밥 미니 볶음양념맛, 200g",3140,5.0,623
"코디 라벤더 3겹 롤화장지 30m, 30개",8900,4.0,55366
"에스앤씨 업그레이드 건강한 혼밥 도시락 세트, 6종, 1세트",19800,4.0,5524
"삐아 라스트 벨벳 립 틴트3 5g, 13 진지보스",5700,4.5,621
"킨더 프렌즈 초콜릿, 200g",9170,4.5,1476
"오리온 초코파이 정 오리지널 + 바나나 + 초코칩 12p 세트, 452g, 1세트",3990,4.5,298
"오뚜기 맛있는 즉석밥, 210g, 24개입",17640,5.0,30580
"에이지투웨니스 에센스 커버 팩트 시즌9 TX 본품 12.5g, 21호",17240,4.5,754
"홀리카홀리카 아이 메탈 글리터 3.5g, 02 로즈버스트",5920,4.5,163
챌린지하이브리드 360도 회전 속도계 차량용 거치대,6900,4.0,2194
"베베숲 저자극 아기물티슈 시그니처 엠보싱 캡형, 70매, 10팩",16900,5.0,5626
노마진 배변패드 (20g) 40*50cm 100매,6070,4.5,6846
"고메 함박스테이크, 200g",3130,4.5,366
"서울우유 멸균 흰 우유, 190ml, 24개입",11200,4.5,2417
"켈로그 허쉬 초코크런치 시리얼, 500g",5980,4.0,3825
"세미 뽑아쓰는 수세미 핑크, 30개입",3900,4.0,4558
"올뉴TS샴푸, 1세트",22800,4.5,4314
"머지 더 퍼스트 펜 아이라이너 0.5g, P1 오레오",4900,4.0,9459
"99샵 리빙앳홈 싱크대 물막이, 혼합 색상",5900,4.0,1993
유니맥스 터보 핸디 겸용 스틱청소기 UVC-1686,30960,4.5,936
"탐사 종이컵 260ml, 100개입",5900,4.5,958
"센카 퍼펙트 휩 클렌징 폼, 120g",6200,4.5,14664
"농심 백산수, 500ml, 40개",13600,4.5,57203
"쿠첸 전기 압력밥솥 9~10인용, CJS-FC1001F",122990,4.0,817
"페리페라 맑은 수채화 벨벳 치크 4g, 6호 우와우아 말린장미",5850,4.5,453
아콘 블루투스 5.0 이어폰 오토페어링 FreeBuds X9,76700,4.5,75
"퍼실 파워젤 일반용 액상세제 라벤더 코튼프레쉬향 본품, 3L",13900,4.0,3122
"코디 코튼화이트 3겹 천연펄프 화장지 30M, 30개입",11990,4.5,10660
"에뛰드하우스 몬스터 클렌징 코튼, 408개입",3600,4.5,304
코시 블랑 블루투스 마이크 + 휴대용 USB 미러볼,15930,4.5,274
"페레로 하누타 헤이즐넛 초콜릿 와플, 22g, 10개입",6300,4.5,329
"테라오카 타마고니카케루 오쇼유 소스, 300ml",7500,4.5,11
"쿤달 모이스춰라이징 퓨어 바디워시 베이비파우더향, 500ml",7110,4.5,3820
바디럽 퓨어썸 샤워기,29800,4.5,830
"상하목장 유기농 우유, 125ml, 1박스",16400,4.5,8793
"햇반 사각 즉석밥, 210g, 24개",20900,5.0,9728
"시대온 셀프 뿌리 볼륨 집게, 단일 색상, 3개입",5330,3.5,145
"쿤달 허니 앤 마카다미아 헤어 트리트먼트 베이비파우더향, 500ml",7110,4.5,10642
"베베숲 굿 워터 에디션 유아물티슈 캡형, 80매, 10팩",14200,4.5,580
"이슬마루 17년산 의성사과(부사) 소과, 2kg, 1박스",8900,4.0,3552
"하기스 2017년 보송보송 드라이 팬티형 기저귀 남아용 특대형5단계 (13~18kg), 104매",27740,4.5,1446
"오리온 감자 패밀리팩, 6p, 1세트",3580,4.5,3869
"조르단 스텝 유아칫솔 2단계, 랜덤발송, 6개",11390,4.5,2429
"드림 초콜릿 케이크, 42g, 12개입",3020,4.5,98
"카카오프렌즈 멀티 펜 파우치, 라이언",14150,4.5,228
"기본에 크린지퍼백 혼합 세트, 1세트",6900,4.5,416
"착한푸드 깔라만시 원액 1L 3팩 + 보틀 500ml, 1세트",12900,4.5,436
"종이나라 핑크퐁 나라색연필 2p, 12색",5470,4.5,39
"풍미 2017년 풍요로운 쌀 백미, 10kg",23900,4.5,12491
"노바코퍼레이션 컬럭 백라이트 사각 체중계, 블랙",7500,4.5,4354
"프렌치카페 루카스나인 라떼 7호 선물세트 + 쇼핑백, 라떼 60T + 더존 스웰보틀, 1세트",19900,4.5,44
"카카오프렌즈 리틀프렌즈 신학기노트, 리틀 라이언, 10개입",7830,5.0,9
"삐아 캐시미어 섀도우, 01 코지 다이아",4000,4.5,228
"무아스 LED 벽시계, 화이트",17900,4.5,5140
"땡큐 캡형 물티슈, 100매, 10개",7890,4.5,34854
"오뚜기 진라면 매운맛, 10개",4580,4.5,14137
"앱솔루트(holistic) 강아지간식, 종합사사미, 5개입",9800,4.5,3186
"페리페라 잉크 더 에어리 벨벳 틴트 8g, 5호 엘프요정",5190,4.5,4149
"핑크퐁 동물 스티커 : 붙였다 떼었다 안심스티커 35개, 스마트스터디",4100,4.5,703
"미쟝센 퍼펙트 세럼, 70ml, 2개",8730,4.5,4193
"해태제과 맛동산, 38g",2980,4.5,145
"네이처리퍼블릭 슈퍼 아쿠아 맥스 컴비네이션 수분크림, 80ml",6160,4.5,3337
"코튼클라우드 호텔 타올 170g, 다크블루, 10개입",23900,4.0,2218
"아토세이프 대용량 액체세제 본품, 13L",8500,4.5,1601
"네이쳐리빙 논슬립 5단 바지걸이, 네이비, 2개입",5800,4.0,1177
"비비고 육개장 500g 2p + 소고기미역국 500g, 육개장(2p)+소고기미역국(1p), 1세트",8900,4.5,286
드레스하우스 데님 머리핀 10개입 + 하드케이스,4300,4.5,60
"한결미곡처리장 2017년 풍미쌀 백미, 20kg",46900,4.5,7411
"맥심 모카골드 마일드 커피 믹스, 12g, 210개",20870,4.5,36375
"이니띠움 터치미 러그, 그레이",12800,4.5,2503
"청도대감 청도 감말랭이, 300g, 2개입",11300,4.0,61
"이노카 워터드롭 베이직 식기건조대 1단, 화이트",9900,4.5,330
"다우니 표준형 섬유유연제 아로마 플로럴향 본품, 8.5L",14490,4.5,52546
"하기스 2017년 매직팬티 팬티형 기저귀 남아용 5단계 13~18kg, 120매",41110,4.5,2788
"크리넥스 천연펄프 순수 3겹 소프트 롤화장지 27M, 30롤, 1팩",13430,4.5,25246
"트레비 자몽 탄산음료, 300ml, 20개입",8800,4.5,1072
"클리오 킬 커버 파운웨어 쿠션 XP 본품 + 리필 세트, 03 린넨, 1세트",20500,4.5,526
"키친아트 아크바 에어프라이어 1.6L, KA-AF03N",35850,4.0,48
"닥터리브 곤약젤리 청포도맛, 150ml, 10개입",14780,5.0,113
"시크릿데이 러브 울트라 슬림 생리대 중형 3팩 + 대형 2팩 + 오버나이트 날개형 1팩, 1세트",11900,4.5,4929
"무아스 LED 미러 탁상시계 직사각형, 단일 색상",8900,4.0,760
"페브리즈 섬유탈취제 다우니향 본품, 370ml, 2개입",7900,4.5,1632
"칠성사이다, 190ml, 30개",10250,5.0,20270
"답이답이다 다용도 캡형 물티슈, 100매입, 10개입",7730,4.5,3700
"쿤달 모이스춰라이징 퓨어 바디로션 베이비파우더향, 500ml",6900,4.5,1744
"오뚜기 진라면 순한맛 120g, 10개입",4000,4.5,6137
"애터미 플러스 치약, 200g, 5개",17110,4.5,7924
"하루애 져키 반려견 간식, 오리고기",6400,4.5,1333
"브이디엘 퍼펙팅 래스트 파운데이션 30ml, A02",13900,4.5,1539
"뽀로로 바로 찍혀 참 쉬운 쿵쿵쿵 스탬프 놀이책 : 손끝으로 배우는 손놀이 시리즈, 키즈아이콘",9750,4.0,31
"유니맥스 터보 싸이클론 핸디 스틱 진공청소기 UVC-1718, 혼합 색상",35910,4.0,442
"경남제약 칼로스탑 탄수화물차단제, 66g",15010,4.0,225
"A.H.C 블랙 캐비어 스페셜 스킨케어세트 + 쇼핑백, 1세트",34900,4.5,653
"농협 제주 한라봉, 2kg(8~10과), 1박스",15900,4.0,522
"부케가르니 히말라야 허브 나드 샴푸, 1000ml",8410,4.0,1161
"베베숲 저자극 제로 아기물티슈 캡형, 80매, 10팩",14500,4.5,44241
"머지 더 퍼스트 벨벳 립 틴트 4.5g, 블러디 메리",6900,4.5,3040
"하림 치킨너겟2, 1kg, 2개",16090,4.5,4424
"공룡메카드 데본느 + 니쿠스, 혼합색상",15780,4.5,89
"앱솔루트 엄마가 만든 프리미엄 명작 분유 3단계, 800g, 3개",37200,4.5,14717
"릴리유 하트쿠션 엠보싱 유아물티슈 캡형, 80매, 10팩",11610,4.0,429
"샤오미 2세대 10000mAh 보조배터리 + 실리콘케이스 랜덤발송, PLM02ZM, 다크네이비",16110,4.5,2094
"샤오미 미밴드2, 블랙",24450,4.5,9722
"오리온 초코송이, 36g, 18개입",7920,5.0,1232
"청담은 오가닉 라이스 퍼프 레인보우 볼 5종 세트, 베지, 바나나, 사과, 딸기, 치즈, 1세트",16800,4.5,1168
"광천맛김 해달음 광천 녹차올리브 도시락김, 4g, 32개입",6250,4.5,1113
"삼양라면 매운맛 120g, 12개입",5800,4.5,1590
"잘풀리는집 다용도 안심 천연펄프 키친타올 130매, 12롤",4800,4.0,6297
"삐아 라스트 립스틱3 3.5g, 13 예술적",6000,4.5,915
"다우니 초고농축 섬유유연제 레몬그라스와 라일락 본품, 1L, 3개",9930,4.5,24247
"페리페라 잉크 컬러 마스카라, 2호 블랙에스프레소",5970,4.5,555
"파스퇴르 무항생제 바른목장 우유 125ml*24팩, 125ml, 24개입",16060,4.5,1334
"다우니 퍼퓸 미스티크 섬유유연제 본품, 1L, 3개",12500,4.5,3731
"미주라 토스트 비스켓, 320g",3500,4.0,1960
"실크테라피 오리지널 헤어에센스 60ml + 15ml, 2P, 1세트",8830,4.5,605
"키친아트 본 핑크 후라이팬 세트, 1세트, 프라이팬+궁중팬+뚜껑+에그팬+소스팬",28900,4.5,704
"디와이스 라크로스볼 싱글 + 땅콩 마사지볼 세트, 랜덤 발송",13900,4.5,1573
"매일유업 매일두유 99.89, 190ml, 24개",9610,4.5,3758
"삐아 라스트 펜 아이라이너 0.6g, 02 샤픈브라운",4800,4.5,4692
"낙서하고 물로 지워지는 아이키즈펜, 6개입",5100,4.0,876
"My Little Tiger 두뇌 연습장 14 선긋기, 삼성출판사",2610,4.5,131
"한예지 미니 천연펄프 미용티슈 2겹, 6개입, 1팩",4300,4.5,1285
"액츠 파워젤 일반용 세제, 4.21L",7900,4.5,20202
"좋은느낌 순수 롱 팬티라이너, 81개입",4500,4.5,1070
"깨끗한나라 순수 프리미엄 천연펄프 3겹 데코 롤화장지 30m, 30롤",12550,4.5,13262
"설화수 자음 기초 화장품 2종 세트, 1세트",86900,4.5,102
"하기스 2017년 매직팬티 팬티형 기저귀 여아용 특대형 5단계 13~18kg, 120매",41730,4.5,2890
"키즈세이프 2단계 유아칫솔, 랜덤발송, 10개",7630,4.5,1008
"웻앤와일드 컨투어 브러쉬, 혼합 색상",2500,4.5,485
"카카오프렌즈 일자 필통, 라이언",7110,5.0,209
"리얼테크닉 아이 쉐이드 + 블렌드 브러쉬, 혼합 색상, 1세트",5280,4.5,141
"오리온 미쯔 블랙, 42g, 6개입",2670,5.0,3986
"동아 손에 묻지 않는 노랑병아리 크레용 2p, 24색",6800,4.5,177
"고구마명가 꿀고구마 말랭이, 60g, 5개",7940,4.0,3741
"웅진 빅토리아 플레인 탄산수, 500ml, 20개",8800,5.0,12932
"김정문 알로에 큐어 플러스 크림 페이셜크림, 80g",10510,4.5,704
"윤우네무드등 하와이안 무드등, 선인장(GREEN)",3830,4.5,174
"M.A.C 맥 립스틱, 루비우",27000,4.5,374
"코코도르 뉴플라워 디퓨저, 블랙체리",7900,4.5,1302
"CJ제일제당 고메 크리스피 핫도그, 480g, 2개",12950,4.5,2673
"포스트 오레오 오즈 시리얼, 500g",7300,4.5,5501
"에스앤씨 건강한 혼닭 닭가슴살 큐브 샐러드 6종 세트, 고다치즈 180g + 슈퍼곡물 180g + 청양고추 180g + 시금치 180g + 단호박 180g + 커리 180g, 1세트",19800,4.5,3799
"탐사 퓨어 100% 천연펄프 3겹 롤화장지 30m, 30롤, 1팩",12900,4.5,173
"스마트스터디 핑크퐁 가방퍼즐 상어가족, 1세트, 89피스",9100,4.5,285
"훈와리메이진 콩가루 모찌, 85g, 3개",7800,5.0,3550
"베지밀 달콤한 비 두유, 190ml, 24개입",11610,5.0,3865
"핑크퐁 상어가족 스케치북 5권 랜덤 발송, 8절, 22매",7480,4.5,50
신지모루 마그네틱 카 마운트 차량용 거치대,8420,4.5,4279
"오뚜기 즉석 3분 쇠고기 세트, 카레 200g 4개입 + 짜장 200g 2개입, 1세트",5870,4.5,3499
"아토세이프 집먼지진드기 액체세제 본품, 2.5L, 4개",9900,4.5,4771
"딩동펫 반려견 스트레스 해소용품 종합선물세트, 스탠다드, 1세트",29800,5.0,51
리딕글로벌 PETRA MK 게이밍 유선 키보드 마우스 세트,15800,4.5,2410
"스팸 클래식 200g 4p + 마일드 200g 2p, 2종, 1세트",13250,5.0,622
"한예지 천연펄프 3겹 데코 롤화장지 27m, 30롤, 1팩",8100,4.5,19703
"유기농본 골드 일반 팬티라이너, 40매입, 1팩",3900,4.5,113
"렌지셰프 한입 야채 돈까스, 1kg",10900,4.0,3564
"진푸드시스템 연남동 기사식당 왕돈까스 기획세트, 왕돈까스 3장 + 특제소스 3팩, 1세트",17300,4.5,1077
"99샵 리빙앳홈 싱크대 배수구 거름망, 200매입",4900,4.5,2766
"쿠첸 미니 밥솥 3~4인용, CJE-A0305",53900,4.5,304
"올맘 모던 5단 서랍장, 화이트",35050,4.0,195
"티롤 초코 콩가루 모찌, 49g, 5개",6380,4.5,236
"농협 2017년 대왕님표 여주쌀, 10KG, 1포",29700,4.5,7450
"네이쳐리빙 카페 스윙 인테리어 휴지통, 그레이",5510,4.5,55
"이케아 LACK TV 장식장, 블랙",17990,4.0,428
"농협 제주 천혜향, 2kg(11~13과), 1박스",19900,4.0,193
"군 2018년 오리지널 테이프 밴드형 기저귀 남여공용 대형 L(9~14kg), 162매입",41060,4.5,112
"종근당건강 락토핏 생유산균 골드 50포, 2000mg",14140,4.5,11688
"켈로그 크랜베리 아몬드 그래놀라, 500g",5310,4.5,1046
"리큐 진한겔 일반용 액상세제 리필, 2.1L, 4개입",13680,4.5,18122
"퍼실 파워젤 드럼용 액상세제 본품, 3L",13900,4.5,1761
"토모 원목 애견 식탁세트 2구, 혼합 색상",9920,4.0,836
"켈로그 콘푸로스트 시리얼, 600g",3980,4.5,18597
"닥터유 다이제 초코 비스켓, 1040g, 1박스",7720,5.0,1165
"퐁퐁 베이킹소다, 3L",4640,4.5,23734
"파스퇴르 멸균 흰우유, 200ml, 24팩",13670,4.5,5577
"앙블랑 저자극 아기물티슈 인디핑크 캡형, 72매, 10개",16400,4.5,9972
"스카치브라이트 제로스크래치 항균 스펀지 수세미, 1개입, 5개",4160,4.5,2622
"에뛰드하우스 룩 앳 마이 아이즈 아이섀도, BR422 솔솔 말린 솔방울",3000,4.5,350
"네이쳐러브메레 꽃을 담은 유아 세탁세제 국화향 리필 1300ml, 2개입",5940,4.5,1141
"위즈웰 딥프라이어 미니 튀김기 실버, WH2100",27900,4.5,218
"키즈웰 젤리 스트로우, 19.3g, 60개입",8400,4.5,3416
"코멕스 마이사이즈 면코팅 고무장갑 그린, 5개입",6730,4.0,5216
"브라운 저자극 프리미엄 아기물티슈 캡형, 72매, 10팩",16460,4.5,5072
"브링미 방수 앞치마, 멜란지그레이",7560,4.0,80
"어퓨 마데카소사이드 시카 겔 크림, 50ml",10400,4.5,222
"네이쳐리빙 모던블랙 레터링 양념통세트, 1세트, 양념통 350ml 4p + 한글스티커",6030,4.5,423
"릴리유 무민 리미티드 에디션 유아물티슈 캡형, 80매입, 10팩",10700,4.5,98
이니스프리 노세범 미네랄 파우더 5g,4850,4.5,3075
"하기스 2017년 보송 보송 드라이 팬티형 기저귀 여아용 특대형 5단계 (13~18kg), 104매",27740,4.5,715
"유하우스 난달라 2겹 아크릴수세미, 5개입, 1세트",5900,5.0,121
"키친아트 가넷 블랙에디션 스텐포트, KMD-1500S-1",7730,4.5,1022
"풀무원 생면식감 돈코츠라멘 116g, 8개입",9800,4.0,18
탐사패드 일반형(53*43cm) 흡수력 3단계 120매,15600,4.5,1204
"비오클라쎄 밀크바오밥 베이비 모이스처 고보습 로션, 500ml",12630,4.0,687
"피지오겔 데일리 모이스쳐 테라피 페이셜 크림, 150ml",19900,4.5,10888
"애플 에어팟 블루투스이어폰, MMEF2KH/A, 혼합 색상",196330,5.0,330
"뽀로로 유아 칫솔세트 7p, 혼합 색상, 1세트",13010,4.5,1098
"농심 신라면, 40개입",23560,4.5,11622
"삐아 라스트 벨벳 립틴트3 5g, 14 매정보스",5700,4.5,106
"까사마루 서랍형 수납박스 23L, 그레이, 2개",8190,4.5,3075
"삐아 라스트 블러쉬 가루 블러셔 2.5g, 07 아몬드블로썸",4500,4.5,733
"에이지투웨니스 에센스 커버 팩트 시즌9 TX 리필 12.5g, 21호",11150,4.5,357
"오뚜기 진라면 매운맛 소컵 6p + 참깨라면 소컵 6p + 진짬뽕 소컵 6p 세트, 1세트",12900,5.0,893
"아토세이프 덴티 본조르노 치약, 80g, 3개입",4350,4.5,603
"제이앤제이 더 착한솜 면봉, 100개입, 20개",3000,4.5,3087
인블룸 냉장고걸이 수납 선반,15900,4.0,180
"롯데제과 빼빼로 기획 HUG팩, 아몬드 32g x 5p + 빼빼로 46g, 1세트",4050,4.5,2026
"브라운 오리지널 플러스 아기물티슈 캡형, 80매, 10팩",12810,4.5,151
"아모스 초강력 물풀, 1.2L",6180,4.5,78
"오리온 꼬북칩 콘스프맛, 80g, 12개",10900,4.5,3435
"리벤스 다용도 분리수거함 3종세트, 그레이, 핑크, 민트, 1세트",5900,4.0,914
"프릴 시크릿 오브 베이킹소다 주방세제 와일드베리향, 750ml",3900,4.5,942
"올가홀푸드 한입에 쏙 우리밀 꼬마약과, 200g",4700,4.5,1445
"토니모리 립톤 겟잇틴트 9.5g, 4호 레드핫",2800,4.5,364
"오리온 포카칩 오리지널, 38g, 4개입",2790,4.5,1214
"착한습관 히비스커스 파우더, 200g",7200,4.0,182
"카카오프렌즈 리틀프렌즈 인덱스파일, 리틀 어피치, 2개입",4000,5.0,4
"벨라지오 소중한 내 피부 천연펄프 미용티슈 2겹 280매, 6개입",7450,4.5,12468
"하리보 골드베렌 젤리, 980g",9900,4.5,30293
"오랄비 스테이지스 디즈니 어린이칫솔 2단계 6개입, 랜덤 발송",11150,4.5,703
"베베숲 저자극 센시티브 엠보싱 물티슈 캡형, 80매, 10팩",18130,5.0,34890
"다우니 초고농축 섬유유연제 베리베리와 바닐라크림 본품, 1L, 3개",9930,4.5,17970
"테라오카 계란에 뿌리는 간장소스, 150ml",5030,4.5,430
"투에스 에칭 300 전신거울, 화이트",16540,4.5,10232
"노브랜드 천연펄프 화장지 3겹 30m, 30롤",9500,4.5,516
"클리오 덴티메이트 초극세모 칫솔, 10개입",3400,4.5,8923
"매일유업 소화가 잘되는 우유, 190ml, 24개",13070,4.5,3492
"청정원 황태로 맛을 낸 만능육수 티백, 64g",5580,4.5,486
"프리즘 HD LED 32인치 TV 자가설치, PT320HD",149900,4.5,4186
"농심 신라면 15p + 짜파게티 5p, 20개입",15500,4.5,6705
"릴리바이레드 앙큼 라이어 코팅 틴트 4g, 시니컬한 앵두인척",5060,4.5,405
"릴리유 도톰한 유아물티슈 캡형, 80매, 10팩",12890,4.0,2165
"뉴빅뱅 요구르트 사사미, 치킨스틱껌",3730,4.5,1718
"베베랑 유아물티슈 캡형, 100매, 10팩",9900,4.5,300
"카누 콜롬비아 블렌드 마일드 로스트 아메리카노 미니, 0.9g, 100개",15810,4.5,12947
"깨끗한나라 데일리 키친타올, 8롤, 1팩",5200,4.5,30517
강남패드 한번 쏴 강아지 배변패드 레몬향 100매,5400,4.0,533
샤바스 스칸디나 안전 라탄욕실화 스타,5190,4.5,6384
"케라시스 러블리 앤 로맨틱 퍼퓸샴푸, 600ml, 3개입",8940,4.5,26582
"아이비스 5000 5아트 인덱스노트, 화이트, 블랙, 1세트",6680,4.5,244
"아망떼 낮잠이불 + 베개솜 세트 분리형, 베이지",23030,4.0,357
"다우니 울트라 에이프릴 프레쉬 일반 섬유유연제 본품, 5.03L",15610,4.5,12452
"농심 양파링, 155g",1490,4.5,789
"카카오프렌즈 사각매트, 라이언",12250,4.5,264
"삼성전자 잉크젯 복합기, SL-J1660, 혼합 색상",42500,4.5,590
"아콘 무선 커널형 블루투스 이어폰, 유광블랙",23310,4.0,4879
"베베쿡 쌀쿵 쌀과자, 자색고구마와 단호박, 10개",7200,4.5,2947
"프렌치카페 루카스나인 라떼 커피믹스, 14.9g, 50개",13400,4.5,2150
"파스퇴르 무항생제인증 바른목장우유, 330ml, 12개입",14750,5.0,525
"프레시안 고메치킨 순살크리스피, 550g, 2개",13090,4.5,1890
"유닉스 세라믹 헤어 고데기 UCI-A2521, 혼합색상",15930,4.5,1827
"삼육두유 고소한 미숫가루 두유, 190ml, 15팩",7750,4.5,2731
"바세린 퓨어 스킨 젤리 50ml, 오리지날, 4개입",3830,4.5,1063
"도브 뷰티너리싱 바디워시, 1L",5630,4.5,972
"해맑은푸드 반건조 대왕발, 400g",11900,4.5,958
"온더바디 캐시미어 퍼퓸 해피 브리즈 바디로션 꽃향, 400ml, 2개",9630,4.5,1433
"비비고 왕교자, 1.05kg, 2개",15720,4.5,18389
"무례한 사람에게 웃으며 대처하는 법 : 인생자체는 긍정적으로 개소리에는 단호하게, 가나출판사",12420,4.0,31
"쿠첸 미니 밥솥 3~4인용, CJE-A0306",53900,4.5,354
"농심 육개장 사발면 12p + 김치 사발면 6p, 1세트",12900,4.5,1746
"제트스트림 3색 펜 0.38mm SXE3-400-38, 베이비핑크",4040,4.5,517
"AURA 윌 유 메리 미 고농축 섬유유연제 본품, 5.5L",15890,4.5,257
"아이캔컴퍼니 황토 다용도 테이블 중, 메이플",9900,4.5,4890
"팬시피아 캐릭터 스케치북 10권 랜덤발송, 20매",7900,4.5,638
"하인즈 토마토 케찹, 567g, 2개",4000,4.5,12398
"팸퍼스 베이비드라이 팬티형 기저귀 남녀 공용 5단계(11~14kg), 144매",50100,4.5,4789
"OXFORD 공신 잘펴지는 노트 B5 40매, 랜덤발송, 2권",2400,4.5,40
꼼지 유아용 H골지돌돌이 중목 양말 5족,5850,4.5,235
"쿠쿠 IH 압력밥솥 9~10인용, CRP-HYEB108FB",287800,4.5,44
"하기스 2017년 매직팬티 팬티형 일회용 기저귀 여아용 대형 4단계 10~14kg, 144매",42320,4.5,1650
"오리온 오뜨 쇼콜라 케익, 25g, 12개입",4300,4.5,270
"네이처드림 스파클링 풋사과 데일리톡, 5g, 14개입",5460,4.0,429
"비앤비 유아용 무루무루 섬유세제, 2개, 1300ml",6120,4.5,15474
"질레트 프로쉴드 스페셜 핸들팩 면도기세트, 1세트",23500,5.0,24
"코디 데코 롤화장지 40m, 30롤, 1팩",8400,4.0,12784
"하기스 보송보송드라이 4단계(공용) 52매x3팩 일회용 기저귀, 156매",26950,4.5,480
"컬러스토리 아일렛 긴창 암막커튼, 챠콜그레이",11300,4.0,7005
"한우물 새우볶음밥, 300g, 6개",11340,4.5,5857
"도담이 아기물티슈 플레인 캡형, 100매 x 10개",9900,4.5,33455
"시루콧토 우루우루 화장솜, 40매입",2700,5.0,83
"땡큐 천연펄프 3겹 데코 롤 화장지 18m, 30롤",5480,4.5,3189
"디올 어딕트 립 글로우 컬러 어웨이크닝 립밤, 코랄",34850,4.5,612
"코디 아름드리 천연펄프 키친타올 150매, 6개입",3710,4.5,3368
마켓비 RUSTA 블랙 장스탠드,16650,4.5,1011
"더좋은컵 천연펄프 종이컵, 1000개입",7900,4.5,2704
"쿤달 허니 앤 마카다미아 네이처 샴푸 화이트머스크향, 500ml",7490,4.5,2033
"종이나라 핑크퐁 양면색종이, 20색, 200매",2220,4.0,25
"아이홈 허니콤 멀티홀더 다용도정리함 5구, 단일 색상",8370,4.0,21
"불닭볶음면 오리지널 6p + 까르보 5p + 마라 4p, 1세트",13900,4.5,56
"비오클라쎄 밀크바오밥 베이비 워시, 500ml",9500,4.5,1859
"가르시니아 포텐 건강기능식품, 89.6g",5900,4.0,1666
"제니튼 닥터제니 어린이 치약, 60g",4650,4.5,3242
"내아이애 유기농 떡뻥 과자 3종 세트, 1세트",6900,4.5,136
"페리오키즈 2단계 옥토넛 어린이 칫솔, 랜덤 발송, 10개입",12370,4.5,514
"바른워터 건조레몬차, 20g",2690,4.0,39
드레스하우스 핑크 머리핀 10개입,4900,4.5,63
"샤바스 스칸디나 안전 라탄 수염 욕실화 베이지 + 브라운, 1세트",9810,4.5,1930
"하기스 2017년 네이처메이드 퍼스트케어 밴드형 기저귀 남여공용 신생아용 1단계(~4.5kg), 192매",40790,4.5,1194
"[SK매직] 고급형 전자레인지 MWO20EC2, MWO-20EC2",70220,4.5,4665
"슈퍼대디 스탠다드 유아물티슈 캡형, 80매 x 10개",10900,4.5,3634
"가쯔 멀티블럭 리빙박스 72L, 그레이, 2개입",13070,4.5,1531
"얼라이브 원스데일리 멀티비타민, 103.3g",19510,4.5,140
"훼스트컴퍼니 12색 싸인펜 + 히어로 케이스 랜덤 발송, 5세트",7180,4.5,31
"청정원 로제 스파게티 소스, 600g, 2개입",6800,4.5,983
"자바펜 파워라인 형광펜 20색, 오리지널  + 마일드, 1세트",4520,5.0,71
"삐아 글리터 아이라이너2 5g, 06 뉴욕부자",5500,4.0,17
"아토세이프 용기형 액상세제 멜란지향 본품, 2.5L, 4개",7900,4.5,11712
"키친아트 세라믹 냄비세트 2p, 1세트, 편수냄비18cm + 양수냄비 20cm",19450,4.5,490
"지구화학 지구 노마르지 사인펜, 24색, 2개",9430,4.5,405
"고려은단 비타민C 1000 600T, 648g",38300,5.0,692
"덕복희여사 쌍팔년도 떡볶이 옛날맛, 560g, 3개입",14700,4.5,954
"베베숲 소프트 엠보싱 아기물티슈 휴대캡형, 20매, 12팩",7900,4.5,2018
"텀스카페 메가 진공 스텐텀블러, 실버, 900ml",8510,4.5,568
미꼬밴드 미꼬 통 헤어끈,6800,4.5,820
"카카오프렌즈 리틀프렌즈 신학기 스프링 노트, 어피치, 10권",8000,4.5,83
"피죤 섬유유연제 핑크로즈 본품, 3.1L, 4개",10360,4.5,13417
"키친아트 라팔 에어프라이어 레드, KAEF-B15",59020,4.0,179
"엘룸 본차이나 뉴 화이트 홈세트, 1세트, 26p",19900,4.0,117
"앱솔루트 프리미엄 명작 분유 1단계, 800g, 3개",48900,4.5,8722
"요요쉬 배변패드 소형(40*48cm) 플로랄와인향, 3개입",20300,5.0,5778
"필립스 콧털제거기 NT-3160, NT3160, 단일 색상",13480,4.5,2889
"정원삼 6년근 고려홍삼정 365 스틱, 300g, 1박스",25620,4.5,10778
"마미포코 360핏 팬티형 기저귀 남아용 특대형 5단계(13~18kg), 112매",31600,4.5,13287
"지오마 웨딩 스타 바디스크럽 600g + 스노우 바디솝 100g, 2종, 1세트",19940,4.5,100
"프링글스 감자스낵 세트, 6종, 1세트",10900,4.5,772
"소프시스 위더스 멀티책상 860, 화이트",36900,4.5,3085
"더블하트 신모유실감 젖꼭지 2개입, L단계, 1세트",8750,5.0,18989
"동원 양반 들기름김, 5g, 24봉",6850,4.5,6196
"이니스프리 슈퍼푸드 블루베리 리밸런싱 스킨, 310ml",13000,4.5,404
"해태제과 홈런볼 무지방우유, 46g, 6개",4930,4.5,540
"퍼실 파워젤 라벤더 코튼 프레쉬향 드럼용 액상세제 리필, 2L",8830,4.5,8615
"말랑이 물방울 실리콘 터치 무드등, 올망이",5800,4.0,176
"퍼실 프로페셔널 대용량 액상세제 본품, 9L",25340,4.5,960
"네모라인 지퍼형 구름베개솜 2p, 화이트",7410,4.0,1130
"질레트 프리미엄 면도기 선물 세트, 5종, 1세트",29150,4.5,1204
"농심 신라면 블랙 멀티팩 134g, 8개입",7960,4.5,88
"미쓰비시 유니 제트스트림 캡식 펜 SX-101-10 1mm, 블랙, 2개",1860,4.5,290
"아몬드브리즈 언스위트35, 190ml, 24개",12510,4.5,4952
"2080 진지발리스 허벌민트 치약, 140g, 3개입",3590,4.5,142
"에뛰드하우스 닥터마스카라 픽서 포 퍼펙트 래쉬, 투명",4200,4.5,1551
"정다운식품 도라강정, 600g",5900,4.5,63
"굿데이 반려견을 위한 건강 레시피 커트형, 비프야채",3240,4.5,8217
"아이밀 팥톡스, 50g, 4박스",22900,4.0,764
"머거본 빼빼한통 오리지널맛 어포스낵, 120g",3900,4.0,1474
뉴트리쉬 배변패드 고급형(20g) 53 x 43cm 로즈마리향 100매,5900,4.0,689
"삐아 라스트 오토 젤 아이라이너 베이직, 20 재즈",4000,4.5,14214
"클리오 파인올 라운드 미세모 칫솔, 10개입",3900,4.5,16356
"카누 라떼 30T 360g(405g), 12g, 30스틱",9720,4.5,1929
"리벤스 클래식 리빙박스 56L, 그레이, 2개입",10900,4.5,343
"잇츠스킨 라이프 컬러 팔레트 아이 섀도우, 1호 매건",9160,4.5,184
"앱솔루트 프리미엄 명작 분유 2단계, 800g, 3개",51900,4.5,7924
"메디힐 WHP 미백수분 블랙 마스크팩 EX, 10매입",8800,4.5,673
"해피바스 정말 순한 타입 바디워시, 900g, 3개",11280,4.5,6367
"이니스프리 블루베리 리밸런싱 앤 수분케어 클렌저, 100ml",5000,4.5,610
"카카오프렌즈 리틀프렌즈 스프링연습장, 리틀 라이언, 2개",4000,5.0,6
"크리넥스 천연펄프 데코 앤 소프트 클래식 롤화장지 27m, 30롤, 1팩",15200,4.5,4088
"본생활건강 찰떡 에어 쿠션 퍼프, 블루, 11개",4900,4.0,4894
"송월타월 컬러타월 CS34, 랜덤 발송, 10개",11500,3.5,166
"해태제과 오예스, 504g, 1박스",3660,4.5,4428
"다농원 보이차, 0.6g, 80개입",5800,4.5,3626
"오뚜기 김치라면 120g, 10개입",3600,4.5,1624
"매일유업 무지방 0% 멸균 우유, 200ml, 24개",10810,4.5,864
"매일유업 바나나는 원래 하얗다 우유, 235ml, 24개",10810,4.5,504
"오랄비 스테이지스 3단계 어린이칫솔, 프린세스, 1세트",12700,4.5,685
"덴티프레쉬 애견용 덴탈껌, 블루베리",5080,4.5,4151
우르오스 올인원 모이스처라이저 200ML,22100,4.5,6218
"A.H.C 바이탈 골든 콜라겐 스페셜 스킨케어세트 + 쇼핑백, 1세트",34720,4.5,184
"샤오미 피스톤4 청신판 이어폰 HSEJ03JY, 화이트",5900,4.5,556
"벤토사 스마트폰 4단 실버 삼각대 패키지 세트, 5종, 1세트",10900,4.0,595
"한결미곡처리장 2017년 풍미 쌀, 5kg",13400,4.5,968
"매일유업 저지방 1% 우유, 200ml, 24팩",9900,4.5,12531
"톡톡팬시 9000 내필통 투지퍼 파우치형 G-PP066, 블랙",7250,4.5,38
"정다운식품 고급 종합 전병, 800g",5400,4.0,407
삼양 까르보 불닭볶음면 큰컵 105g X 16개 1박스 컵라면,14900,5.0,132
"킨도 프리미엄 밴드형 기저귀 남여공용 대형 4단계(7~13kg), 144매",45630,4.5,2489
"노메이커 가성비 좋은 물티슈, 100매, 10팩",8800,4.5,5668
"하기스 2018 매직팬티 겨울놀이 팬티형 기저귀 아동공용 특대형(13~18kg), 74매",26750,4.5,34
"미쟝센 헬로 버블 염색약, 8MG 매트골드",4600,4.5,5840
"해태 강원 평창수, 2L, 12개",8900,4.5,6496
"플라리아 오로라 메이크업 브러쉬 5종 + 틴케이스, 단일 색상, 1세트",8900,4.5,228
"아카데미 애니스탠드 연필꽂이 MW-626, 흑색",5420,4.5,936
"엉뚱발랄 콩순이 아이스크림가게 쇼핑놀이/마트놀이, 혼합 색상",6230,4.5,344
"웰프레쉬 냉동 블루베리, 1kg",8500,4.5,3344
"맥심 화이트 골드 커피믹스 210T, 11.7g, 210개입",20870,4.5,19839
"아스트로글라이드 오리지널 러브젤 캡용기형, 73.9ml",20500,4.5,1513
"온더바디 더 내추럴 레몬버베나 바디워시 과일향, 900ml, 2개",7750,4.5,3658
"농협 2017년 임금님표 이천쌀, 10kg",33900,4.5,3378
"리챔 오리지널 햄 통조림, 120g, 6개입",8030,4.5,2332
"키드오 크리미버터 크래커, 120g, 12개",9650,5.0,129
메이브라운 반해라 오펄 믹스 네일스톤,3800,4.5,76
"지퍼락 이지오픈탭 지퍼백 냉장용 중형, 20매, 5개",7260,4.5,1470
"다니카 메쉬멜로우 초코 의자 CY-007, 블랙",26000,4.0,1246
"페리오키즈 3단계 헬로카봇 어린이 칫솔, 랜덤 발송, 10개",12370,4.5,417
"하기스 2017년 매직팬티 팬티형 기저귀 남아용 대형 4단계 (10~14kg), 144매",41190,4.5,1272
"한성 SIROCO GS100 오로라LED 2Ch 사운드바 메탈그릴, 건메탈",15210,4.5,250
아이오페 맨 올데이 퍼펙트 올인원 120ml,19810,4.5,1851
"크리스피롤 22곡, 600g",6900,4.5,1880
"다우니 퍼퓸 글로우 엘레강스 섬유유연제 본품, 8.5L",17280,4.5,5346
"네이쳐러브메레 꽃을 담은 유아 섬유유연제 국화꽃향 리필, 1300ml, 2개입",5560,4.5,929
"쿠첸 전기 압력밥솥 5~6인용, CJS-FA0611V",126350,4.5,411
"LG생활건강 킨더밀쉬 음료 200ml, 24개입",35550,4.5,618
"맥퀸뉴욕 러빙유 립스틱 3.5g, 쥬시코랄",4800,4.0,114
"핑크퐁 아기 퍼즐 12종 세트 동물, 1세트",9900,4.5,16
"오랄비 고탄력 초미세모 칫솔, 6개입",6220,4.5,1554
"라온컴퍼니 블랙 아르간 헤어오일, 100ml, 2개입",7850,4.5,2271
"엠앤엠즈 밀크 픽앤믹스 초콜릿, 337.5g, 1박스",10910,4.5,1883
"벨라로사 집밥 전자레인지 용기 20종세트, 300ml, 1세트",5050,4.5,3217
"페넬로페 바이탈 스트롬볼리 물티슈 캡형, 70매, 10팩",19500,5.0,5325
"크라운 쿠크다스 화이트토르테, 432g",4970,4.5,786
"청정원 구운마늘과 양파 토마토 스파게티 소스, 600g, 2개",6800,4.5,1230
"아라식품 노르웨이 손질 간고등어, 1.5kg",12900,4.5,1151
"맥심 화이트골드 커피믹스, 11.7g, 160개입",16680,4.5,10063
"플렉사 유아용 미니팩 홀더, 얼룩말(옐로우)",3060,4.5,527
"이롬 황성주 국산콩 검은콩 두유, 190ml, 16개",8500,4.5,13378
"크로바몰 하루 한장씩 뜯어쓰는 위생수세미 핑크, 60매",4100,4.5,1225
"슈가버블 블루베리 주방세제 리필, 1.2kg, 2개입",4900,4.5,733
"애터미 칫솔, 8개입",7850,4.5,5822
"깨끗한나라 허브가든 벚꽃 프리미엄 천연펄프 3겹 롤화장지 27m, 30롤, 1팩",11390,4.5,3395
"시크릿데이 러브 울트라 오버나이트 생리대 날개형, 10개입, 3팩",6270,4.5,2599
"바세린 드라이 스킨 리페어 바디로션, 450ml",4600,4.5,3375
"바나다 마이크로 5핀 삼성 호환 고속충전 케이블 1.5m, 5개입",5000,3.5,718
"콩순이 달콤 아이스크림 카트, 혼합 색상",13400,4.5,787
"샤오미 3세대 보조배터리 10000mAh, PLM03ZM, 로즈골드",28020,4.5,173
"크리넥스 클래식 천연펄프 미용티슈 2겹, 180매, 8개",8450,4.5,2664
"에디슨 부엉이 이중스텐 빨대컵 세트, 핑크",7900,3.5,1391
"키스미 히로인 메이크 롱앤컬 마스카라 EX 6g, 메가블랙",9990,4.5,2413
"닥터원더 굿바이 더티 풋 필링 솔루션 악어 발팩, 1개입",6900,4.0,557
"핑크퐁 사운드북 : 상어가족, 스마트스터디",12000,4.5,2219
더플래 노즈워크 플레잉볼 핑크,8900,4.5,1266
"고무나라 풀업밴드, 퍼플",9400,4.5,2722
"카누 미니 콜롬비아 블렌드 마일드 로스트 아메리카노, 0.9g, 30개입",5000,4.5,3695
"조율체 다이어트 쉐이크 올인원 세트, 9종, 1세트",5210,4.5,49
"레고클래식 브릭과 바퀴 조립박스 10715, 혼합 색상",34280,5.0,6
"오뚜기 옛날 구수한 끓여먹는 누룽지, 3kg",14600,4.5,4272
"Shaking Q pet 오뚝이 냠냠 애견스낵볼 S, 혼합 색상",4880,4.0,226
"크린랲 크린 롤백 중 25cm x 35cm, 500매",4200,4.5,2381
"이슬마루 세척사과 소, 2.5kg, 1박스",10200,4.0,615
"랑방 잔느 EDP, 100ml",36130,4.5,1152
"메디힐 티트리 케어솔루션 에센셜 마스크 이엑스, 1매입, 10개",6880,5.0,521
"플레이도우 레인보우 스타터 팩 클레이 점토, 혼합 색상",5890,4.5,1537
"오뚜기 토마토 케챂, 800g",2660,4.5,3505
"GNM자연의품격 로스팅 사차인치 열매 기타견과류, 300g",12640,4.5,186
"맛있는풍경 주먹밥 야채 + 버섯 + 해물, 1세트",5810,4.5,340
"키로 히아루론산 모이스춰 스킨, 1000g",9500,4.5,1467
"요미요미 유기농 주스 125ml, 종합과일맛, 24팩",14800,4.5,8805
"청정원 안주야 논현동 포차 스타일 불막창, 180g, 3개",17040,4.5,889
"농심 신라면 블랙 사발 컵라면 101g, 6개입",6000,4.5,48
"유한락스 욕실용 살균 세정제, 500ml, 2개",4700,4.5,6100
"농협 제주 비가림 하우스감귤 로얄과, 2.5kg",19900,4.0,91
"지구화학 지구 투명이 색연필 샤프식, 12색",6060,5.0,254
"비비고 물만두, 370g, 4개",13960,4.5,2467
"릴리바이레드 스태리 아이즈 슬림 젤 아이라이너 0.14g, 02 매트브라운",5060,4.0,254
"양키캔들 라지자 캔들, 블랙체리",15900,4.5,13385
"카카오프렌즈 4단 점착 메모지, 라이언, 2개입",3440,4.5,162
"베드앤데코 항균마이크로 차렵이불 + 베개커버 세트, 챠콜",30480,4.5,376
"마켓비 LEITER 600 넓은 4단 선반, 화이트",20900,4.5,3757
"유기농본 울트라 생리대 중형 날개형, 30개입",6500,4.5,1941
"농협 2017년 행복담은 우리밥상 백미, 3kg",7900,4.5,1407
"서울우유 아이 펫 밀크, 180ml, 10개",15500,4.5,5789
"리벤스 사선컷팅 테이프 크리너 + 리필, 1세트",10770,4.5,6637
"맥심 모카골드 마일드 커피믹스, 12g, 100개",12120,4.5,4737
"크린센스 골드 종량제봉투 걸이대, 블루",8330,4.0,1755
"센카 퍼펙트 더블워시 클렌징 폼, 120g",8500,4.5,409
"유키 프로페셔널 미네랄 워터글로우 팩트 블러셔 12g, 하이라이터",7900,4.5,103
"청정원 불고기브라더스 참떡갈비, 400g, 3개",12540,4.5,533
"서울우유 멸균 흰우유, 1L, 10개",16600,4.5,17635
"베베쿡 처음먹는 배도라지 주스 100ml, 20개입",18000,4.5,1039
"머거본 쇠고기 육포, 25g, 4개입",4680,4.5,1354
"레쓰비 마일드 커피, 160ml, 30개입",6900,4.5,76
"크린랲 고무장갑 분홍, 3개입",3900,4.5,1868
"그린몬스터 헐리우드 48시간 다이어트음료, 947ml",20900,4.5,3814
"까사니 파스타 플레이트, 4p",29800,4.5,401
"매일유업 피크닉 사과주스, 200ml, 24개",5360,4.5,12326
"그로미미 PPSU 빨대컵 200ml, 레드",13400,4.5,2637
"다우니 퍼퓸 컬렉션 섬유유연제 샤인향 본품, 1L, 3개",12500,4.5,1591
"에디슨 부엉이 입체 빨대컵 300ml, 블루",5200,4.0,464
"요요쉬 반려견용 배변패드 대형 76x60cm 플로랄와인향, 3개",19800,5.0,2128
"삼육두유 검은콩칼슘 두유, 140ml, 24팩",8500,4.5,4017
"다우니 초고농축 섬유유연제 엑티브 시트러스 본품, 1L, 3개",9930,4.5,2141
"제니튼 닥터제니 베이비 치약, 60g",4650,4.5,6447
바나다 차량용 CD 거치대,5900,4.5,1824
"벨레다 어린이 치약, 50ml, 2개",14010,4.5,8095
"웰치스 믹스 후르츠 젤리, 25.5g, 80봉",15720,4.5,1148
"로베라 헬스클럽 운동 기구 S-1000, 핑크",39480,4.0,20
"매일유업 썬업 과일야채샐러드 혼합쥬스 녹황, 200ml, 24팩",13500,5.0,1208
"비스비바 톡 멀티빈 휴지통 9L, 그레이",7460,4.0,5
"농협 17년산 자연해답 현미, 4kg",11200,4.5,3530
"크리오 마이브러쉬 칫솔 랜덤 발송, 1개입, 6개",4740,4.0,426
"비앤비 신생아 면봉, 210개입, 3세트",7330,4.5,85
"이노소닉 스마트 전자레인지 다이얼식 20L, MW3000BL",48900,4.5,218
"정식품 건강담은 야채가득 야채즙 V19, 145ml, 24팩",10550,4.5,1829
"무료 배송! sandisk sandisk USB 플래시 드라이브 16G 블레이드 멋진 창조, 32GB",7940,4.5,300
"카카오프렌즈 사각필통 파우치형, 라이언",3880,4.5,522
"스테들러 네츄럴 우드연필 123-60 HB, 단일 색상, 12개",3980,4.5,204
"롯데제과 마가렛트 오리지날, 396g, 2개입",7830,4.5,1040
"파크론 PVC 주방매트, 블루스팟",11580,4.5,1207
"핑크망고 메모리폼 주방 욕실 발매트, 그레이",4400,4.0,246
"르디테일 트리플볼 + 뱀부 스푼포크 유아식기 세트, 그레이, 1세트",16830,4.5,30
"롯데제과 롤리팝 아이스 70개입, 770g, 아이스롤리팝(770g)",8500,4.5,1397
"카카오프렌즈 하프 스프링 노트, 라이언, 2개입",4450,4.5,246
"리틀달링 애견용 가죽껌 2개입, 치킨맛, 10개",8900,4.5,1258
"군 2017년 오리지널 테이프 밴드형 기저귀 남여공용 S(4~8kg), 252매",40380,4.5,3917
"필립스 데일리 콜렉션 토스트기, HD2582/00",26460,4.5,798
두리펀 엘린 특대형 빨래 건조대 6단,18800,4.5,13980
"올맘 2017년 다용도 빨래바구니 40L, 초코브라운, 2개",8700,4.5,1024
"뽀로로 저불소 치약 복숭아향 + 바나나향 + 포도향, 1세트",4500,4.0,84
"오랄비 초미세모 벨벳 잇몸케어 칫솔, 5개입",7500,4.5,952
"첫 오리기, 블루래빗",4500,4.0,1732
"켈로그 첵스 초코 쿠키 앤 크림, 590g",5020,4.5,1870
"바디피트 안심숙면 420 생리대 날개형, 20개입",6270,4.5,8620
"크린랲 뽑아쓰는 크린백 미니 17cm * 25cm, 300매입, 2개",5700,4.5,644
"이글립스 블러 파우더 팩트 9g, 21호",5900,4.5,3958
비바세븐 여아용 블랑 양말 5족 세트,5480,4.5,153
"앙블랑 프리미엄 블랙 아기물티슈 캡형, 70매, 10팩",23400,5.0,4223
"파스퇴르 유기농 우유, 125ml, 24개입",17960,5.0,181
"프로베스트 캣 전연령 기능성 사료, 5kg",8900,4.5,1323
"쿤달 허니 앤 마카다미아 네이처 샴푸 체리블라썸, 500ml",7490,4.5,3207
팬물산 450 미니 3단 화이트 스탠드선반,9900,4.0,520
"누가 비스킷, 448g",9990,4.5,2353
"크린랲 여러번 빨아쓰는 행주, 50매입",6900,4.5,819
"셰프라인 CP 프라이팬, 22cm",4900,4.5,8399
"루나 롱래스팅 팁 컨실러 7.5g, 내추럴베이지",9730,4.5,3395
"투데이넛 너트한줌 후르츠, 20g, 30개입",10320,4.5,5868
"삐아 라스트 립 무스2 3.7g, 1004로즈",4700,4.0,573
"인터비즈 스틱 앤 핸디 2in1 진공청소기, IB-VC0700G(한정수량판매), Grey(그레이)",28710,4.5,4499
"도비 전연령 곡물 밸런스 중소형견 애견사료, 5kg",9970,4.5,634
"록키스 티트리 필링젤, 120ml",8730,4.5,4343
"마블 캡틴아메리카 액션 필통 MV0143, 블루",6320,4.5,40
"하이웰 터치미 자동 치약짜개 칫솔걸이 5인용 TM-2000, 화이트",6900,4.5,1977
월튼키즈 여아용 세일러카라 상하복 세트,9900,4.5,17
"릿첼 AQ 슬림머그 빨대컵 240ml, 화이트",14900,4.5,51
"크린랲 미니미니 지퍼백, 30매입, 5개",3950,4.5,108
"한성컴퓨터 Full-HD 144Hz 커브드 모니터, Ultron 2457C(무결점)",209000,4.5,230
"더자카 고양이 케이스 2종 세트, 핑크-Y217LBBT066, 1세트",5780,4.0,79
"에스앤씨 별미혼밥 도시락 세트, 6종, 1세트",24900,4.0,408
"켈로그 리얼 그래놀라, 400g",4680,4.5,8248
리벤스 북유럽형 튼튼이 빨래건조대,44320,4.5,2666
키즈노리 아동용 나이스가이 양말 5족,5920,4.5,114
"크리넥스 안심 클래식 천연펄프 키친타올, 4개입",2840,4.5,5975
"디즈니베이비 푸우 바운서형 유아 락커 10988, 혼합 색상",31900,4.5,128
"메디코어 노즈 스위퍼 코세정기 세트, 1세트",26000,4.5,1097
"비앤씨 뽀로로 판자석 교구, 캐릭터",4120,4.5,1039
"파크론 블루스팟 주방매트 특대형, 단일 색상",33900,5.0,36
클리닝플랜 표준형 물걸레 청소포 30p,3900,4.5,237
"GNM자연의품격 유기농 양배추 브로콜리 진액, 90ml, 30포",13800,4.5,12123
"바론 모링가 리페어링 샴푸, 1000ml",11290,4.5,10320
"피제이코리아 건강한 육포 건조 닭가슴살 100g, 2개",5800,4.5,1800
"마이디벨 해쉬브라운 패티, 640g, 3개",10730,4.5,817
"하기스 2017년 매직 퍼스트케어 밴드형 기저귀 남아용 중형 3단계 7~11kg, 180매",37980,4.5,1271
"스킨푸드 치크 촉 크림 블러셔 4.5g, 로즈 피치",2450,4.0,56
"현대농산 혼합 18곡, 2kg",3800,4.5,1712
"피지오겔 데일리 모이스쳐 테라피 페이셜 로션, 200ml",14500,4.5,6292
"해피바스 피렌체 인 블룸 바디워시 꽃향, 900g",4300,4.5,814
"푸른곳간 웰빙 25곡 영양혼식, 2kg",5900,4.5,4485
"라온누리 심플 한식 성인 수저세트, 1세트, 스푼  4개 + 젓가락 4세트",7600,4.5,350
"매일유업 매일두유 식이섬유, 190ml, 24개",9900,4.5,1135
"밀크바오밥 화이트머스크 트리트먼트, 1000ml",8570,4.5,4963
"세타필 모이스춰라이징 대용량 로션, 591ml",11730,4.5,9074
"엠파이어 휴대용 미러볼 JR210, 혼합 색상",9610,4.5,137
"켈로그 아몬드 푸레이크, 630g",4810,4.5,11530
"유니더스 슬림제로 001 초박형 콘돔, 16개입",7800,4.5,2201
"삼육두유 검은콩 두유 파우치, 195ml, 20개",8400,4.5,2451
"쿠첸 마이콤 전기보온 밥솥 5~6인용, WM-0619F",51000,4.5,1523
"하기스 보송보송 드라이 밴드형 일회용 기저귀 아동공용 중형 3단계 7~11kg, 186매",26950,4.5,744
"크레앙 2in1 타입C 마이크로 USB 충전케이블, CRECBTC2-3P, 2개입",6410,4.5,820
"실리쿡 냉동실문 수납 사각용기 기본세트, 1세트",14230,4.5,455
"네스카페 수프리모 아메리카노 스틱, 110g",8800,4.5,2871
"토프 프리미엄 식기건조대 3단, 단일 색상",25900,4.5,661
"그린하우스 위생 장갑, 500매",4200,4.5,3137
"와다가시 솜사탕, 12g, 5개입",6450,4.5,86
"하기스 2017년 네이처메이드 퍼스트케어 밴드형 일회용 기저귀 여아용 소형 2단계 4~8kg, 162매",39030,4.5,1396
"벨라홈 도트 리빙박스 66L, 네이비, 1세트",10630,4.5,959
"오레오 웨하스스틱 초코, 150g",3040,4.5,6335
"에뛰드하우스 드로잉 아이브라우 0.25g, 2호 회갈색",2800,4.0,350
"보드래 퍼펙트 누빔 매트리스커버, 차콜",16050,4.0,193
"페브리즈 섬유탈취제 상쾌한향 본품, 370ml, 2개입",7900,4.5,372
"고급 확장형 수세미 거치대, 화이트",4100,4.5,903
"글라스락 얌얌 이유식 보관용기 + 스푼 세트, 210ml",8820,4.5,6617
"청정원 카레여왕 로스티드 갈릭 풍미가 깊은맛, 40g, 4개",4520,4.5,41
"홈스쿨 워크북 만3세 한글 1단계 10권세트, 나우출판사",9900,4.5,390
스너글 고농축 섬유유연제 블루스파클 4.96L,18800,4.5,8817
"유리아쥬 스틱 레브르 오리지널 립밤 4g, 단일 색상",6830,5.0,320
"아이자리 키즈케어 에코항균 낮잠이불 일체형, 헬로타이거",21520,4.5,644
"동아 토루 논드라이 향기 사인펜, 16색, 1세트",3900,4.5,8
"쿡앤밥 대용량 전자렌지용 밥보관용기 랜덤발송, 450ml, 16개입",8910,4.5,571
"트롤리 올인원 츄잉젤리, 1kg",11520,4.5,1253
"청정원 유기농 돈카츠 소스, 250g",1970,4.5,860
"하리보 스타믹스 젤리, 190g",2490,4.5,508
"뼈로가는칼슘두유 검은콩 진, 190ml, 24개입",9600,4.5,7759
"오리온 온리 생감자팩 세트, 포카칩 오리지널 30g x 2개 + 포카칩 어니언맛 30g x 2개 + 스윙칩 볶음고추장맛 30g + 스윙칩 간장치킨맛 30g, 1세트",3580,4.5,648
"이니스프리 화산송이 모공 클렌징 폼, 300ml",11300,4.5,2240
"아콘 블루투스 스테레오 헤드셋, ABE2000, 블랙",25110,4.5,8209
"캣퓨어 미니스틱 콤보 고양이 간식 4종 세트, 1세트",9630,4.5,324
"컬러스토리 아일렛 트윙클 작은창 암막커튼, 차콜그레이",9720,4.5,791
"삼성전자 갤럭시 기어S3 프론티어 SM-R760, 블랙",298400,5.0,239
"남양유업 임페리얼드림 XO 분유 3단계, 800g, 3캔",41100,4.5,4772
"명진 헬로키티 기모 고무장갑, 3개입",4490,4.0,149
"비스티즈 믹스너트, 600g",8900,4.5,557
"메디플라워 엠보싱 소프트 화장솜, 300매입, 2개",5520,4.5,12755
"포켓몬스터 배낭 봉제필통, 랜덤 발송",7310,4.0,17
"LG전자 울트라 PC 노트북 14U360-EU2TK (셀러론 14형 윈10 4GB eMMC32GB+SSD128GB), 퓨어 화이트",479000,4.0,206
"휴플러스 목어깨 안마기, HPM-200",62780,4.5,662
"키친아트 통주물 냄비 3종 세트, 1세트, 16양수 + 18편수 + 20양수",29900,4.5,4679
"더블하트 모유실감 PPSU젖병 노꼭지 트윈팩, 240ml, 오렌지",25730,5.0,10656
"비스티즈 비너츠 볶음아몬드, 700g",8900,4.5,1314
"베베궁 소프트 판다 유아물티슈 캡형, 100매, 10팩",8900,4.0,2047
"한입 천연 베이킹소다 리필형, 2kg",3920,4.5,13022
"데이오프 하루이 일회용 마스크 블랙, 50매입",4800,4.0,23
"코디 아름드리 스위트 천연펄프 각티슈 2겹 200매, 6입, 1팩",6250,4.5,8065
"동원 수제 돈까스, 500g, 2개",11890,4.5,3484
"리큐 진한겔 드럼용 액상세제 리필, 2.1L, 4개",15230,4.5,3839
"쿠잉 아기물티슈 네이쳐 리필형, 100매, 20팩",11800,4.5,1297
"유닉스 다용도 믹서기, NB-A9001",26900,4.5,2563
"크리넥스 카카오프렌즈 디럭스 미니 천연펄프 미용티슈 2겹, 230매입, 1팩",6550,4.5,4214
"매직베드 도톰 베개커버2p + 베개솜 2p 세트, 블랙체크",9000,4.0,310
"복음자리 딸기잼, 500g",3900,4.5,4303
"에뛰드하우스 데싱디바 매직 프레스 고광택 젤네일 팁, 13호 모던 베이지",7800,4.5,1103
"보드래 순면 매트리스 커버, 차콜",12250,4.5,6623
"맥시브 스트레칭 롤러 하드타입, 블랙",15900,4.5,333
샤파 KI-200 연필깎이,17440,4.5,2969
"해태제과 고향만두 콘치즈톡톡, 400g, 4개",13190,4.0,25
"카누 다크로스트 아메리카노, 1.6g, 70개입",16560,5.0,4318
"사옹원 옛날 찹쌀 호떡, 400g, 3개",12800,4.0,148
"베베숲 센시티브 엠보싱 유아물티슈 휴대캡형, 20매, 12팩",8900,5.0,978
"액츠 파워젤 드럼용 액상세제 본품, 4.21L",7900,4.5,9603
"크라운 빅파이 딸기, 324g, 2개입",3840,4.5,2610
"동아 전과 초등 3-1 세트(2018), 동아출판",37800,4.5,13
"비바텍 럭스360키즈 레인보우 리미티드 에디션 유아칫솔 2단계, 핑크, 레드, 옐로우, 라임, 블루, 네이비, 자주, 7개",33900,4.5,254
"퐁퐁 레몬식초 주방세제, 3L",4640,4.5,7986
"탐사 복사용지 A4 75g, 1000매",7900,4.5,161
"스카치브라이트 베이직 미세먼지 정전기 청소포 30p, 2개입",4040,4.5,456
"2080 스마트케어 치약, 190g, 5개입",4950,4.5,12741
"미쟝센 퍼펙트 세럼 트리트먼트, 180ml, 2개입",4690,4.5,816
"해찬들 맛있게 매운 태양초 골드 고추장, 2.25kg",10030,4.5,4974
"프렌치카페 카페믹스, 10.9g, 120개입",11020,4.5,1361
아바드 신생아용 캐릭터 가제손수건 20개입,9150,4.5,1553
"ipTIME 유무선공유기, N600",13860,4.5,286
"페리페라 페리스 잉크 더 벨벳 립틴트 8g, 6호여주인공",4730,4.5,800
"안국건강 눈에 좋은 루테인 플러스, 30g",9900,4.5,7128
"농협 껍질째 먹는 안심 사과, 4kg, 1박스",18400,4.0,5536
"블룸엣홈 실리콘 집게 중, 랜덤 발송",2900,4.5,115
"참살이푸드 군고구마 말랭이, 80g, 4개",8230,4.5,814
"일동후디스 유기농 쌀과자 떡뻥, 고구마, 6개",14390,4.5,9752
"베베숲 라이트 아기물티슈 캡형, 80매 x 10팩 (1박스)",13310,4.5,3821
"오리온 고소미, 240g",2890,4.5,561
"세이프 천연 미네랄 주방세제, 725ml, 2개",7110,4.5,2697
"비비고 부대찌개, 460g",3900,4.0,644
"롤리타렘피카, 30ml",19050,4.5,5141
"킨도 NEW 독일 프리미엄 팬티 기저귀 남여공용 5단계 특대형(9~14kg), 152매",58520,4.0,786
"킨더조이 뽀로로 초콜릿 T1, 20g, 24개입",26450,4.5,243
"페리오 옥토넛 2단계 키즈 치약, 75g, 2개",2360,4.5,297
"더페이스샵 잉크래스팅 파운데이션 슬림핏 30ml, V103 퓨어베이지",11710,4.5,142
"하기스 2017년 매직팬티 팬티형 기저귀 남아용 점보형 6단계 (17kg~), 70매",30190,4.5,980
"베지밀 아몬드와 호두 두유, 190ml, 24팩",12190,4.5,14808
"다우니 울트라 섬유유연제 에이프릴 후레쉬 본품, 3.06L",10620,4.5,7085
"시크릿데이 러브 울트라슬림 중형 생리대 날개형, 16개입, 6개",10900,4.5,6341
"DMK 흡착식 매직 후크걸이, 투명, 15개입",3500,4.5,120
"마미포코 360핏 팬티형 기저귀 여아용 특대형 (13~18kg), 112매",33120,4.5,8966
"메디힐 NMF 아쿠아링 앰플 마스크 EX, 10매",8500,4.5,1427
바로와 바람폭풍 점보 샤워기,10980,4.5,3319
"일동후디스 구미키즈 칼슘 앤 비타D, 156g",9840,4.5,219
"퍼실 파워젤 세탁 세제 일반용 본품, 3L",13900,4.5,1161
"이글립스 라이블리 리퀴드 글리터 섀도우 4g, 03 위스키빔",6700,4.0,257
"세정테크 싱크대 문 거치 전용 행주걸이, 실버",2500,4.0,497
"보노 스프 선물 세트, 1세트",15500,4.5,1960
"페넬로페 바이탈 알레 유아물티슈 캡형, 70매, 10팩",17400,4.5,264
"리뉴 후레쉬 렌즈 세정액 + 케이스, 500ml, 2개",10500,4.5,732
"페리페라 페리키키 잉크 더 에어리 벨벳 립틴트 8ml, 2호 최애쁨템",6410,4.5,117
"이글립스 블러 커버링 쿠션파운데이션 12g, 21호 라이트 베이지",15000,4.5,32
"손잡이봉투 일반형 2호 100매, 2개",4360,4.5,434
"오뚜기 진라면 매운맛 멀티팩 120g, 40개입",15800,4.5,6693
"퍼실 파워젤 일반용 액상세제 리필, 2L",8830,4.5,7928
"팸퍼스 베이비드라이 팬티형 일회용 기저귀 남여공용 XXL 6단계 (14~16kg), 112매",50100,4.5,1345
"크린랲 크린백 중 25cm x 35cm, 100매입, 3개",4280,4.5,2569
"에뛰드하우스 룩앳마이아이즈 아이섀도, 시럽빼고 테이크아웃",3320,4.5,800
"센트룸 포 우먼 멀티비타민 미네랄, 158.8g",33700,4.5,254
"제이엘후드텍 수제 달고나, 30g, 10봉",8230,5.0,744
"공룡메카드 타이니소어 프테라 로봇장난감, 혼합 색상",7110,4.5,74
"이브잠 극세사 차렵 패드 3종세트, 써클 챠콜그레이",46180,4.5,237
"크레욜라 트위스트 색연필, 24색",8100,4.5,519
"바디아트 필라테스 폼롤러 + 운동법포스터, 마블블루",31960,4.5,2906
"필립스아벤트 친환경 프리플로우 예쁜치아 노리개 젖꼭지 2p, 0~6개월, 블루, 그레이",12800,4.5,514
"비트 일반용 액상세제 리필, 2L, 4개",14800,4.5,14351
"오토반 퀵차지 3.0 듀얼포트 차량용 고속충전기, 블랙",12950,4.5,1075
"빅토리아 탄산음료 복숭아향, 500ml, 20개입",8800,4.5,305
샤오미 미에어2 공기청정기 가정용 AC-M2-AA 39㎡,124020,4.5,1081
"카라코사 더 누드 아이섀도 파레트, 혼합 색상, 2개",9190,4.0,490
"한예지 프리미어 3겹 데코 천연펄프 롤화장지 30m, 30롤, 1팩",9400,4.5,1079
"한우물 낙지볶음밥, 300g, 6개",10920,4.5,1840
"아워홈 소고기 미역국, 300g, 3개입",4770,4.0,847
"피지 녹는 파워 시트세제 30p 프레쉬, 90g",6900,5.0,114
"쿠첸 전기압력밥솥 5~6인용, CJS-FA0605V",130640,4.5,2482
"오뚜기 진라면 컵 순한맛, 15개",7120,4.5,5970
"바자르 모모찡 나노화이바 차렵 이불베개세트, 핑크",32640,4.5,161
"삼성전자 무선 핸디 청소기, VC-H20, 화이트 + 오렌지",29430,4.5,4006
"아이리버 마이크로5핀 패브릭 고속 충전케이블, IHC-M15A(골드)",3900,4.0,131
"롯데햄 키스틱 소시지, 25g, 36개입",7220,4.5,1726
"자연퐁 오렌지팜 주방세제, 3.1kg",4950,4.5,692
"가그린 제로 구강청결제, 1200ml, 2개입",12900,4.5,1005
"올맘 모던 3단 서랍장, 화이트",22230,4.5,164
"펫에이드 실타래 애견 장난감, 당근 오렌지",2100,4.0,1212
네이쳐러브메레 오가닉 유아 세제 허브가든향,4790,4.5,1051
"코카콜라 PET, 300ml, 24개",18100,4.5,767
"켈로그 스페셜K 레드박스 시리얼 세트, 1세트, 레드베리 415g + 오리지널 480g + 레드베리 에너지바 25g 6p + 마스크시트 랜덤 1p",6900,4.5,143
"ANF 화이트 밀크스틱 개껌 4p, 밀크맛, 2개",3700,4.5,317
"브이디엘 루미레이어 프라이머 30ml, 단일 색상",11330,4.5,234
"크리넥스 3겹 뽑아쓰는 천연펄프 키친타올 140매, 4개입, 1팩",7200,4.5,2537
"삼성전자 HD 32인치 TV 자가설치, UN32M4010AFXKR",270290,4.5,123
헤드앤숄더 가려운 두피케어 샴푸,7850,4.5,3820
"해태제과 맛동산, 85g, 4개",3400,4.5,218
"릿첼 ND 소프트 이유스푼 세트, 핑크, 그린, 1세트",7400,4.5,3675
"에뛰드하우스 립 앤 아이 리무버 대용량, 250ml",6300,4.5,374
뉴트리쉬 배변패드 실속형(15g) 50 x 40cm 레몬향 100매,5200,4.0,1221
"센트룸 멀티비타민 포맨, 155.3g",37950,4.5,314
"뉴트리 투에니포 다이어트 쉐이크 초코맛, 750g",13790,4.5,1835
"블루무역 배수구 거름망, 200개입",4410,4.5,1487
"샤오미 삼각대 셀카봉, 블랙",19520,4.5,114
"페넬로페 2017년 씬씬씬 에어슬림 팬티형 기저귀 여아용 대형 4단계(8~12kg), 112매",34890,4.5,1060
"하기스 2017년 매직 퍼스트케어 밴드형 기저귀 남아용 소형 2단계 (4~8kg), 192매",37280,4.5,1435
"롯데칠성음료 볼빅 먹는 샘물, 1.5L, 12개",15700,4.5,253
"버넬 센서티브 섬유유연제, 1L",3790,4.0,166
"희망화일 클리어 파일 40매 보급형, 분홍, 4개입",4680,4.5,286
"프로베스트 캣 블루 사료, 15kg",20800,4.5,3191
"다주타올 데코트렌드 타월, 팥죽, 핑크빛 보라, 우유백색, 흐린보라, 진회색, 5개",9900,4.0,1397
"하이트진로 블랙보리차 520ml x 20개(1BOX), 20개입",16200,4.5,80
"농협 2017년 슈퍼오닝 고시히카리 쌀, 10kg",29610,4.5,2823
"켈로그 오곡으로 만든 첵스 초코, 570g",4500,4.5,10282
"오리온 오징어 땅콩, 98g, 3개입",3000,4.5,2767
"크레앙 9H 글라스 강화유리 액정보호필름, 5개입",5900,4.0,3227
오토반 퀵 스마트폰 거치대 블랙,5430,4.5,1333
"오랄비 프로 엑스퍼트 전동칫솔, DB4010",15630,4.5,481
"에비앙 생수, 330ml, 24개",15040,4.5,2848
"시스맥스 서랍 책꽂이, 화이트",14400,4.5,1335
"미쓰비시 제트스트림 유성볼펜 0.7mm, 블랙, 10개",9640,5.0,587
"카펠라 도어훅 옷걸이 와이어 7구, 블랙",2900,4.5,329
샤바스 미키마우스 성인 안전 욕실화 그레이,5900,4.5,407
"제트스트림 3색 볼펜, 선택_네이비 (9)",4040,4.5,217
"베베숲 저자극 아기물티슈 시그니처 엠보싱 슬림캡, 30매, 12팩",11900,5.0,1203
"공룡메카드 타이니소어 파키리노 장난감, 혼합 색상",8160,4.5,34
"포스트 콘푸라이트 시리얼, 1.1kg",6800,4.5,5655
"메디플라워 더 시크릿 가든 핸드크림 세트, 5종, 1세트",5700,4.5,2341
"나인웨어 프렌즈 파스타볼 2p 세트, 아이보리, 그레이, 1세트",8660,4.5,108
"릿첼 베이비 소프트 의자, 퍼플",21170,4.5,961
"뷰티석션 피지 압출기, 화이트",17900,3.5,560
"쉬즈홈 브랜치 순면차렵 이불 + 패드 베개커버 세트 랍바 랜덤 발송, 그레이",45000,4.0,35
"그린원푸드 유기농 과자 3종 세트, 1세트",4770,4.5,262
"토이트론 리틀 뽀로로펜, 레드",48530,4.5,1433
딩동펫 반려동물용 프리미엄 반자동 안전문 대형,28310,4.5,29
"홈스타 세탁조 클리너 버블워시, 100g, 3개",8380,4.5,6580
"블루초이스 땅콩 라크로스 마사지볼, 핑크",6430,4.0,329
"베이비스타 오리지널 엠보 유아물티슈 캡형, 100매, 10개",10900,4.5,10610
"미쟝센 퍼펙트 스타일링 세럼, 70ml",4500,4.5,115
"그린핑거 힘센보습 울트라 로션, 260ml",10880,4.5,4264
"조이뷰티 체리블라썸 데일리 파우치, 블랙",4030,4.0,42
빨래하기좋은날 빨래 건조대 대형,12900,4.0,3909
"피죤 옐로우미모사 섬유유연제 본품, 3.1L, 4개",10360,4.5,10307
"블루초이스 펭귄트랩 얼음깨기 보드게임, 혼합 색상",4190,4.0,1574
"해맑은푸드 두툼 쥐포, 10개입",12000,4.5,912
"뽀로로 에듀동요 사운드카드, 키즈아이콘",15400,4.5,529
"보뚜 석류 원액 100, 80ml, 30개입",11900,4.5,661
"좋은느낌 순수 울트라 중형 생리대 날개형, 18매입, 2개",4920,4.0,2039
"일리 연꽃 수분 마스크, 1매, 10개",3980,4.5,4852
"하림 용가리 치킨, 1000g",14550,4.5,447
"이지앤프리 이지콕 전자렌지용 밥보관용기 460ml 16종 세트, 1세트, 용기 16p + 뚜껑 그레이 8p +  뚜껑 화이트 8p",8900,4.5,105
네이쳐리빙 다용도 오픈 수납 4단 선반 소,13000,4.0,368
"동원 참치 통조림 세트, 마일드 6p + 라이트스탠다드 6p + 고추참치 6p, 1세트",19340,4.5,1257
"청정원 고소한 마요네즈, 500g",3100,4.5,4004
"고미네 볶음귀리, 150g, 3팩",5180,4.0,42
"우르오스 남성용 모이스처라이저 올인원 지복합성, 200ml",22100,4.5,9028
"뉴트리오 애견용 치아에 좋은 껌, 고구마맛",6600,4.5,39
"JVR 유로 머그컵 4종 세트 280ml, 화이트, 핑크, 블루, 퍼플, 1세트",19960,5.0,744
"월광매트 고급형 미끄럼 방지 매트, 회색",17600,4.5,1597
"토모 애견 사료보관통 2kg, 단일 색상",5010,4.0,348
"카카오프렌즈 릴팡 칫솔 홀더 컵걸이, 어피치",5500,4.5,33
"레고 10848 듀플로 나의 첫 블록, 혼합 색상",25360,4.5,324
"해태제과 빠새 빠삭한새우칩 갈릭맛, 120g",1980,4.5,35
"휴플러스 해피룸 목어깨 안마기, HPR-150",43610,4.5,337
"오리온 참붕어빵, 696g",10900,4.5,600
"샤바스 스칸디나 스타 라탄 안전 욕실화 2종 세트, 1세트",9540,4.5,304
"맥심 모카골드 마일드 커피믹스, 12g, 160개입",16530,4.5,16979
"지퍼락 더블 지퍼백 소형, 50매입, 3팩",5330,4.5,562
"닥터유 에너지바 3대천왕 세트, 에너지바 9개입 + 트리플베리 3개입 + 99라이트바 3개입, 1세트",11070,4.5,621
"레고마인크래프트 좀비 동굴 레고 21141, 혼합 색상",23920,4.5,16
"허이펑 닭표 스리라차 핫 칠리 소스, 255g",3300,4.5,217
"지베딩 라인데코 체크 차렵 이불, 그레이",15100,4.5,647
"클리오 샤프 쏘 심플 워터프루프 펜슬 라이너 0.14g, 02 브라운",6170,4.5,323
"리스테린 쿨민트 구강청결제, 750ml, 2개",9100,4.5,8865
"더샘 힐링 티 가든 그린티 클렌징 워터, 300ml, 2개",7000,4.5,2894
"DHA 동원참치 통조림, 150g, 3개입",7350,4.5,538
"케라시스 두피 클리닉 샴푸, 600ml, 3개",9950,4.5,6166
"아토세이프 후리지아 섬유유연제, 2.5L, 2개",3160,4.5,419
"행복한바오밥 셈셈 수놀이 보드게임, 혼합 색상",19600,5.0,130
"포카리스웨트, 340ml, 20개",12000,5.0,7860
"쿠첸 미니 전기밥솥 3~4인용, CJE-A0302",50500,4.5,1705
"케라시스 러블리 앤 로맨틱 퍼퓸 린스, 600ml, 2개",6780,4.5,12169
"해피바스 라벤더 에센스 모이스춰 바, 100g, 4개입",2900,4.5,6055
"웰프레쉬 냉동 딸기, 1kg, 2개",12500,4.5,946
바디럽 퓨어썸 세면대용 샤워헤드,24900,4.0,27
"쇼군 라멘 스낵, 18g, 30개입",4440,4.5,112
"A.H.C 레드 립스틱 4.7g, 피치베이지",6490,4.0,3869
"투데이넛 너트한줌 요거트, 20g, 50개입",17830,4.5,9376
"리훈 오늘공부 공시생용 스터디플래너 인포메이션, 우드",9810,4.5,98
"오가니스트 내추럴 체리블라썸 샴푸, 500ml, 2개",10000,4.5,6183
"리벤스 밸브형 매직 이불 압축팩 대형, 4매입",7800,4.5,4007
"농협 하나가득 흑미, 1kg, 2개입",7830,4.5,1020
"지베딩 루시드체크 차렵이불 베개커버 세트, 그레이 + 차콜",33150,4.5,322
"디즈니 자이니 미니 크리미 미키 초콜릿, 122g",3200,4.5,80
"케라시스 케라마이드 익스트림데미지 헤어세럼, 70ml, 2개입",9410,4.5,383
"카카오프렌즈 클립보드 A4, 어피치, 2개입",4590,4.5,922
"다다 스케치북 랜덤 발송 4p, 345 x 248 mm, 26매입",5300,5.0,15
"메이플트리 칼슘 마그네슘 아연 플러스 비타민D 영양제, 117.45g",11470,4.5,2477
"퍼실 파워젤 일반용 액상세제 라벤더코튼향 리필, 2L",8830,4.5,6910
"울샴푸 오리지널 리필, 1.5L, 2개",5000,4.5,5942
"삼성전자 먼지따로 진공 청소기, VC-TU52G, 에보니 블랙",63310,4.5,828
"고미네 볶은현미, 100g, 2개",3800,4.5,850
"엘빈즈 매일매일 건강한습관 어린이 배도라지 주스 80ml, 배 + 도라지 혼합맛, 20개입",14500,4.5,168
"조르단 버디 2단계 어린이 칫솔, 랜덤 발송, 6개",6840,4.5,1211
"카카오프렌즈 체크리스트 점착 메모지, 어피치, 2개입",4400,5.0,111
"한예지 키스해링 ART 미니 각티슈 천연펄프 미용티슈 2겹, 250매, 6개",4800,4.5,2358
"아이오페 히아루로닉 스페셜 2종 세트, 1세트",34990,4.5,111
"앱솔루트 엄마가 만든 프리미엄 명작 분유 4단계, 800g, 3개",39300,4.5,5701
"오리온 초코파이 정, 39g, 48개입",12900,5.0,1440
탐사패드 대형(75*65cm) 흡수력 2단계 60매,14600,4.5,585
"좋은느낌 순수 울트라 대형 생리대 날개형, 16개, 2개",5080,4.0,1085
스틸리 차량용 스마트폰 자석 거치대,9900,4.5,7622
"리스테린 내추럴 그린 티 구강청결제, 750ml, 2개",10600,4.5,15008
"트루마리 행복더하기 3겹데코 고급롤 화장지 30m, 30롤, 1팩",6900,4.0,547
"보솜이 2017년 프리미엄 천연코튼 밴드형 기저귀 남녀공용 특대형(13kg~), 144매",27900,4.5,733
"이니스프리 스키니 꼼꼼 마스카라 3.5g, 1호 블랙",6670,4.0,259
"방그레 라이트 아기물티슈 캡형, 100매입, 10개",7360,4.5,258
"마이다락 3단 사각 뷰티 수납함 세트, 혼합 색상",17150,4.5,179
"데이스포 반려견 관절 영양제, 250g",8730,4.5,2369
"카카오프렌즈 플라워 스프링 노트, 어피치, 2개입",6000,5.0,36
"토프 조리도구 걸이, 단일 색상",5900,4.5,633
신풍산업 차량용 송풍구 핸드폰 거치대 그레이군,7730,4.5,1140
"동원 개성 왕만두, 1.82kg",9540,4.5,2727
"크리넥스 천연펄프 데코 앤 소프트 롤화장지 35m, 24롤, 1팩",17360,4.5,7552
"소프시스 스택 4단 책장, 티크판넬 + 화이트프레임",31420,4.5,828
"태클라스트 태블릿 PC, P89H, 단일 색상",86500,4.0,35
"레인보우샵 베이킹소다 베이직 3종 세트, 1세트",5760,4.5,6121
드레스하우스 여아용 미오 리본양말 5p,6540,4.0,62
"연세우유 멸균 흰우유, 200ml, 24팩",10900,4.5,20774
"위즈홈 이동식 루빈스 바스켓 3단 9칸, 혼합 색상",32640,4.5,254
"이나바 챠오츄르 고양이 간식 생선, 참치 + 조갯살, 10개입",5390,5.0,2428
"My Little Tiger 수학 연습장: 123, 삼성출판사",2610,4.5,87
"하리보 골드베렌 젤리, 220g",3000,4.0,1049
"포스트 고소한 아몬드 후레이크 시리얼, 1000g",8200,4.5,7763
메이블린 더 매그넘 볼륨 익스프레스 워터프루프 마스카라 9.2ml,8390,4.0,5579
"마호커트러리 성인용 한식 수저2종 세트 차콜그레이, 1세트",4500,4.5,576
"공룡메카드 타이니소어 딜로포 장난감, 혼합 색상",8130,4.0,45
"비오클라쎄 밀크바오밥 베이비&키즈 샴푸, 500ml",10360,4.5,482
"G7 3in1 커피믹스, 16g, 50개입",6500,4.5,4535
"연세두유 아몬드 앤 잣 두유, 200ml, 24개",8850,4.5,3008
"신일 더쎈 코드리스 청소기, SVC-ECO150, 혼합 색상",128790,4.0,148
"템테이션 고양이 간식, 고소한 참치맛, 5개",11950,5.0,5861
"퍼니즈 폼보드 캔버스 A3사이즈 액자 3종 세트, 몬스테라",12300,4.5,837
"이니스프리 납작 아이브로우 펜슬 0.3g, 동트기 전 어반 브라운",3400,4.5,38
"도그포즈 캣닢 건강 막대사탕, 2개",6430,4.0,353
"어퓨 딥 클린 폼 클렌저, 130ml, 4개",7000,4.5,1054
"롯데이라이프 종이호일 알뜰형, 2개입",4380,5.0,36
"건강한습관 물티슈 캡형, 100매, 10팩",7800,4.5,5729
"더이쁜 드림캐쳐, BMW-091",8660,4.5,179
"크리넥스 프리미엄 안심 3겹 천연펄프 키친타올 140매, 4롤, 1팩",5470,4.5,466
"스킨푸드 피치뽀송 멀티 피니시 파우더 소 5g, 단일 색상",3880,4.5,176
"홈스타 막힌곳을 부탁해 펑펑 배수구 세정제, 1L, 3개",4500,4.5,10051
"지구화학 지구 이지워시 사인펜, 12색, 3세트",7160,5.0,76
"공룡메카드 메가티라노 변신로봇, 혼합색상",47550,4.0,33
"한 그릇 뚝딱 유아식 : 닥터오의 육아일기 속 편식 없이 잘 먹는 영양만점 레시피, 청림라이프",25200,4.0,28
"스파크 찬물전용 분말세제 리필, 9.5kg, 2개",17900,4.5,6252
"하기스 오버나이트 팬티형 기저귀 남여공용 특대형 5단계(13~18kg), 62매",26950,4.5,1010
LG생활건강 액체세제 본품 용기형 3L,5240,4.5,1382
"자색 고구마칩스, 60g",1240,4.0,105
"투쿨포스쿨 아트클래스 바이로댕 팩트 블러셔 9.5g, 혼합 색상",12970,4.5,156
"크리스피롤 22곡 막대과자, 180g, 2개입",5200,4.5,445
"오랄비 어드밴티지 컴플리트 화이트닝 칫솔, 4개입",7770,4.5,1981
"하기스 2017년 네이처메이드 퍼스트케어 밴드형 기저귀 남아용 소형 2단계 (4~8kg), 162매",40790,4.5,1044
"케이더블유 더 두툼한 아크릴 수세미 5종세트, 1세트",4410,4.5,551
"에코리즈 NBR 요가 매트, 핑크",6410,4.5,5278
"더샘 커버 퍼펙션 팁 컨실러 6.5g, 클리어 베이지",3200,4.5,2675
"매일유업 저지방 2% 우유, 200ml, 24팩",10890,4.5,9819
"코코브라운 애완용 베이킹소다 탈취제 베이비파우더향, 550ml, 2개",4700,4.5,2750
"농협 제주 레드향, 2kg(11~13과 내외), 1박스",19900,4.0,322
"LG전자 톤플러스 블루투스 헤드셋, HBS-510, 블랙",39900,4.0,665
"다슈 포맨 울트라 본드 젤 다운펌 모든 피부타입, 100ml",11610,4.0,20
"나트라케어 내추럴 울트라 패드 윙 중형 생리대 날개형, 12매입, 1팩",7900,4.5,1244
"피셔프라이스 젖병솔 버블 + 젖꼭지솔, 핑크",6330,4.5,2923
"제브라 델가드 샤프 화이트 +샤프심, 0.5mm",3980,5.0,78
"애터미 선크림 SPF50+ PA+++, 60ml",8010,4.5,3273
"서연 계량 눈금 종이컵, 2000개입",13810,4.5,582
"오밍컴머스 블랙라벨 레터링 투웨이 양념통 세트, 1세트",18000,4.0,198
"다우니 디바인 섬유유연제 본품, 8.5L",15600,4.5,6378
"화이트 애니데이 롱 팬티라이너, 75개입",6400,4.5,6322
"크린아이 사각변기솔 + 타일바닥솔, 1세트",5790,4.5,1128
"한예지 캐릭터 미용티슈 천연펄프 2겹, 3개입",2700,4.5,612
"츄파춥스 미니 막대사탕, 600g",6980,4.5,2696
"까사베르데 데일리 페이스타월, 다크그레이, 10개",27800,4.5,2821
"키스뉴욕 일자형 아이브로우 스템프 6g, 다크브라운",15000,4.0,644
"제스파 쿠션플러스 마사지기, ZP187",29800,4.5,2528
"메소드 고보습 핸드워시 만다린망고, 354ml",3000,4.5,312
"카카오프렌즈 멀티데이터 케이블 12cm, 라이언",5900,4.0,340
"웻앤와일드 크리스 브러쉬, 혼합 색상",2500,4.5,184
"드레텍 핸드 믹서기 핑크, HM-702PKI",19800,4.5,260
"농심 육개장 사발면, 24개",15800,4.5,20681
"폰타나 카르니아 베이컨 앤 머쉬룸 크림 파스타 소스, 450g",4900,4.5,1185
"클리오 킬 커버 컨실 쿠션 파운데이션 + 리필세트, 3-BY 리넨, 1세트",17990,4.5,633
"시세이도 아이래쉬 뷰러 213, 실버",8420,4.5,2631
"세주 두더지 팡팡 장난감게임기, 랜덤 발송",6830,4.0,309
"오뚜기 옛날 참기름, 500ml",4600,4.5,3291
"농협 서귀포 한라봉, 3kg (15과 내), 1박스",19900,4.0,336
"해표 식용유, 1병, 1.8L",3800,4.5,4702
"앤쿡 어린이 순살 고등어, 330g, 2개",15400,4.5,1874
"정관장 아이키커 어린이 홍삼 과즙음료 100ml, 포도, 10팩",6900,4.5,6625
"머리 좋아지는 놀이 100 : 관찰력 그림 찾기, 기탄출판",5850,4.5,641
"캣토리 고양이 모래 5L 무향, 4개",10200,4.5,8629
순작 청정지역 무주산 보리차 192g,5330,4.5,324
"키친아트 유리 전기 멀티 티포트, KIT-1800P",33650,4.5,45
"델키 기름절약형 튀김기, DK-205",88000,4.5,518
"아모스 파스넷 색연필, 36색",10660,4.5,643
"동성룩스 드림라이트 취침등 전구색, 단일 색상",3900,5.0,322
"클리오 프로 레이어링 아이 팔레트, 2호 핸드 크래프트",14960,4.5,1065
"베베락 아이스톡톡 이유식 냉동 큐브 2p, 오렌지",4800,4.5,1667
"하기스 보송보송 드라이 밴드형 기저귀 남녀공용 특대형 5단계 (12~16kg), 138매",26950,4.5,290
대원 테이블 전기그릴 DWP-331G,25460,4.0,115
"크린스킨 라이트 니트릴 장갑 화이트, 100매, 1통",7680,4.5,524
"GNM자연의품격 건강한 간 밀크씨슬, 27g, 2개",9800,4.5,5629
"샌디스크 울트라 듀얼 USB 3.0 드라이브, 32GB",11750,4.5,8788
"바비온 네오리튬 전문가용 애완이발기 SBC-650, 블랙",29800,4.5,4289
"바다친구 소문난 서천 재래김 식탁김, 15g, 10개입",6900,4.5,1462
"릴리유 촉촉한 유아물티슈 캡형, 80매, 10팩",11260,4.0,457
"하기스 2017년 보송보송 드라이 팬티형 기저귀 여아용 대형 4단계 (10~14kg), 124매",27740,4.0,470
"GNM자연의품격 순수한 깔라만시 원액, 1L, 1팩",5400,4.5,8384
샤바스 스칸디나 스타 세탁바구니 18L 트임형,5500,4.5,850
"페리오키즈 헬로카봇 치약3단계, 75g, 2개",2360,4.5,625
"군 2017년 오리지널 밴드형 일회용 기저귀 남여공용 3단계 6-11kg, 192매",39900,4.5,4063
"페리오 이지클리닉 어드밴스 초극세모 칫솔, 10개입",4500,4.5,6763
"테크 실내건조 꿉꿉한냄새걱정끝 액체세제 일반용 용기형, 3L",8010,4.5,3912
"아발론오가닉스 비오틴B 컴플렉스 샴푸, 946ml",15490,4.5,2282
"미쯔칸 농축 쯔유, 500ml",5030,4.5,1391
"머지 더 퍼스트 젤 아이라이너 0.5g, G6 소프트 브라운",3900,4.0,10581
"코카콜라 355ml x 6p + 환타오렌지 355ml x 6p, 1세트",8810,4.5,138
"크린랲 크린장갑 일반, 100매입, 2개",5770,4.5,336
"델몬트 오렌지 드링크, 190ml, 24개",5680,4.5,3256
"라이프플러스 핸디 롤링 마사지 볼, 롤링마사지볼-칼라랜덤",3160,4.0,374
"해태제과 고향만두, 2000g",16370,5.0,124
"올리브영 촉촉퍼프, 단일 색상",5000,4.5,113
"네스카페 신선한 모카 커피믹스, 11.7g, 110개입",8900,4.5,2698
"덴탈헬스 애견껌, 치즈, 3개",3900,4.5,4621
"하기스 2017년 매직 퍼스트케어 밴드형 일회용 기저귀 여아용 소형 2단계 4~8kg, 192매",37280,4.5,1377
"하기스 2017년 네이처메이드 퍼스트케어 밴드형 일회용 기저귀 여아용 중형 3단계 7~11kg, 156매",44300,4.5,1220
"릿첼 AQ 첫걸음 빨대컵, 핑크",10270,4.5,1440
"레인보우샵 과탄산소다 산소계표백제 베이직 리필, 2kg",3520,4.5,11816
"조르단 버디 영유아 칫솔 1단계, 랜덤 발송, 6개",6540,4.5,1449
"바이셀 캣 플라잉 버터플라이 낚시대 장난감, 랜덤 발송",3120,3.5,414
아소리빙 씽크인 주방선반,9900,4.0,3786
"샤프란 섬유유연제 롱라스팅 릴렉싱 아로마 리필, 2.1L, 6개",11900,4.5,8737
"오랄비 스테이지스 1단계 디즈니 푸의친구들 영유아칫솔, 랜덤발송, 1세트",13200,4.5,300
"네이처리퍼블릭 바이 플라워 우드 아이브로우 펜슬 1.6g, 2호 딥 브라운",2090,4.5,457
"농심 안성탕면 15p + 짜파게티 5p, 1세트",13050,4.5,1626
"엔플라스틱 컬러빈 분리수거함 3단, 블랙, 1세트",29790,4.5,504
"포스트 시리얼 기획세트, 블루베리 + 크랜베리 아몬드 + 접시 4개, 1세트",11900,4.5,1762
"팬시피아 종합장 178 x 255 mm, 랜덤 발송, 10권",6500,5.0,80
"로아커 웨하스미니스, 400g, 1봉",9070,4.5,2643
"엑토 하데스 게이밍 마우스, GMSC-15, 혼합 색상",9200,4.5,704
"마메르 쉬폰 커튼, 화이트",9400,4.0,1241
"쁘리엘르 리프 자수 아일렛 암막커튼 중형, 화이트",14290,4.5,123
"오리온 오뜨 치즈, 288g, 1박스",4770,4.5,320
"샤프란 꽃담초 섬유유연제 연꽃향 리필, 1.3L, 2개",7000,4.5,7184
"더블하트 신모유실감 젖꼭지 M, 3개월, 2개입",8750,4.5,12733
"포켄스 뉴트리션 트릿 눈 & 눈물 강아지 영양제, 240g",10290,4.5,163
"마미포코 360핏 팬티형 기저귀 남아용 대형 4단계 ((10~14kg), 136매",29690,4.5,8887
"딩동펫 곰돌이실타래 강아지장난감, 핑크",2900,4.0,223
"베베숲 저자극 아기물티슈 소프트 엠보싱 캡형, 70매, 10팩",14690,4.5,1345
"흥국산업 캐릭터 스케치북 5권 랜덤 발송, 8절, 17매",7330,5.0,36
"나인웨어 프렌즈 시리얼 볼 4p, 아이보리, 블루, 그레이, 핑크, 1세트",9830,4.5,152
"엠피온 하이패스 + 태양광 충전 거치대, SET-525",51150,5.0,804
"키즈아이콘 뽀로로 가방퍼즐2 4종, 1세트, 81피스",7000,4.5,637
"국민지에스 음식물 쓰레기 홀더, 랜덤 발송, 2개",3600,4.0,559
"비스코티 애견비스켓, 천연과일 800g",7920,4.5,1656
"초록마을 유기농 소프트롤 유아쌀과자, 블루베리 + 요거트",3450,4.5,113
"버박 CET 치약 닭고기맛, 70g",8830,4.5,950
"하기스 2017년 매직 퍼스트케어 밴드형 일회용 기저귀 여아용 중형 3단계 7~11kg, 180매",37980,4.5,1545
네이쳐리빙 오픈수납선반 3단,10200,4.0,149
"코카콜라 토레타, 500ml, 24개",18350,5.0,3745
"카누 콜롬비아 다크 로스트 아메리카노 미니, 90g, 1팩",15810,4.5,17719
"로픈 바오밥 세라마이드 LPP 프리미엄 트리트먼트, 1kg",12120,4.5,12839
"윤성정보통신 핑거티 박스테이프 투명, 6개입",4400,4.5,1294
트레핀 커피캔디 500g,4980,4.5,1454
"굿바디 필라테스 폼롤러 + 운동법 포스터, 마블퍼플",19900,4.5,348
"삼성전자 PAPER 복사용지, A4, 2500매",15300,4.5,1705
밀크바오밥 화이트머스크 샴푸 1000ml,11080,4.5,3472
"나이스통상 독서대 O103, 메이플",10630,5.0,2456
"센텔리안24 마데카 크림 센텔라 하이드레이팅 포뮬러, 50ml, 2개입",31800,4.5,608
"하기스 2017년 매직팬티 팬티형 기저귀 여아용 점보형 6단계 (17kg~), 70매",30190,4.5,764
"삐아 오광 피그먼트 아이섀도, 일광",3800,4.0,592
"키친아트 다이아몬드 계란말이팬, 24 x 17 cm",7900,4.5,2333
"화이트 시크릿홀 울트라 슬림 중형 생리대 날개형, 30매입, 2개",8750,4.5,4494
"삼성전자 Full HD LED 43인치 TV 자가설치, UN43K5110BF",469000,4.5,98
"미왕 고소한 쌀과자, 300g, 2개입",5430,4.5,632
"포레스트엔 원스텝 스킨케어 페이셜 지우개 패드 시즌2, 70매입",13500,4.5,295
"하기스 2017년 보송보송 드라이 팬티형 기저귀 남아용 대형4단계 (10~14kg), 124매",27740,4.0,576
"라로슈포제 시카플라스트 밤 B5, 100ml, 1매",15650,4.5,553
"농협 제주 비가림 하우스감귤 소과, 2.5kg, 1박스",16900,3.5,100
"엡손 리락쿠마 라벨프린터, LW-H200RK",76140,5.0,406
"매직캔 유니언 휴지통 22L, 네이비",31940,5.0,257
